med_condition_id,med_condition
453,ALAGILLE SYNDROME
547,LYSOSOMAL ACID LIPAS DEFICIENCY
227,SCHIZOPHRENIA
279,ATOPIC DERMATITIS
105,HEPATITIS C VIRUS GENOTYPE 1 OR 4
378,PAN-UVEITIS
315,FOLLICULAR LYMPHOMA
210,PRIMARY IMMUNODEFICIENCY DISEASES
544,CHRONIC PHASE OR ACCELERATED PHASE CHRONIC MYELOID LEUKEMIA
150,DIFFUSE LARGE B-CELL LYMPHOMA
573,OCULOPHARYNGEAL MUSCULAR DYSTROPHY (OPMD)
99,HEMOPHILIA A
569,HYSTERECTOMY ASSOCIATED PAIN
394,ACUTE LYMPHOBLASTIC LEUKEMIA
240,SQUAMOUS CELL CARCINOMA
501,BIPOLAR DISORDER
187,PANCREATIC CANCER
50,COLORECTAL CANCER
458,BILIARY CANCER
478,PROSTATE HYPERPLASIA
552,PROPHYLAXIS OF INFECTIONS
388,DIABETES
218,PULMONARY ARTERIAL HYPERTENSION (PAH)
215,PROSTATE CANCER METASTATIC CASTRATION RESISTANT
706,RECURRENT MISCARRIAGE
219,RENAL CELL CARCINOMA METASTATIC
395,HEREDITARY ANGIOEDEMA
598,CORONARY ARTERY DISEASE
473,LUPUS ERYTHEMATOSUS
154,MELANOMA
213,PROSTATE ADENOCARCINOMA
328,INFLAMMATORY MYOFIBROBLASTIC TUMOR
209,PRIMARY BILIARY CIRRHOSIS
292,HEMATOLOGICAL MALIGNANCIES
81,FALLOPIAN TUBE CANCER
25,BIPOLAR DEPRESSION
434,PRE-ECLAMPSIA
431,HEMATOPOIETIC STEM CELL TRANSPLANT
454,PROGRESSIVE FAMILIAL INTRAHEPATIC CHOLESTASIS
429,ANXIETY DISORDER
446,PLEXIFORM NEUROFIBROMAS
385,NEURODEGENERATIVE DISEASES
448,RAGWEED ALLERGY
413,VASOVAGAL SYNCOPE
476,FOCAL SEGMENTAL GLOMERULOSCLEROSIS (FSGS)
370,GRAFT VS HOST DISEASE
522,CAROTID ARTERY PLAQUE
531,CLOSTRIDIUM DIFFICILE-ASSOCIATED DIARRHOEA (CDAD)
549,OSTEOGENESIS IMPERFECTA
632,IMMUNIZATION
734,NONALCOHOLIC STEATOHEPATITIS (NASH)
719,ACUTE MYELOID LEUKEMIA
765,PRIMARY BRAIN TUMOUR
834,CARDIOMYOPATHY
737,INSOMNIA
676,PRIMARY HUMORAL IMMUNDEFICIENCY
609,GNE MYOPATHY (GNEM)
610,HEREDITARY INCLUSION BODY MYOPATHY (HIBM)
790,LATENT TUBERCULOSIS (TB) INFECTION
679,LIPOPROTEIN PRODUCTION
669,KIDNEY CANCER
961,CARDIOPULMONARY DYSFUNCTIONS
201,POMPE DISEASE
960,FOOD ALLERGIES
351,AUTISM SPECTRUM DISORDER
835,AGGRESSION
168,MYELOMA
739,INHERITED RETINAL DISEASE (IRD)
717,GLYCEMIA
628,CHRONIC CLUSTER HEADACHE
704,PANCREATIC INSUFFICIENCY EXOCRINE
666,ADENOCARCINOMA OF THE STOMACH
930,GLYCOGEN STORAGE DISEASE TYPE IA
877,MAJOR ADVERSE KIDNEY EVENTS
931,EPSTEIN-BARR VIRUS - ASSOCIATED POST TRANSPLANT LYMPHOPROLIFERATIVE DISEASE
871,PAROXYSMAL SUPRAVENTRICULAR TACHYCARDIA (PSVT)
917,CEREBRAL EDEMA
992,MASTOCYTOSIS
475,RHINITIS
926,PEROXISOMAL DISORDERS
915,TRANSPOSITION OF THE GREAT ARTERIES (TGA)
799,RHINOSINUSITIS
921,ANAL CANCER
735,GERM CELL TUMOUR
813,CARCINOMA
506,RELAPSED OR REFRACTORY ACUTE MYELOID  LEUKEMIA (AML)
878,GLOMERULOPATHY
407,ABDOMINAL SURGERY
902,RADIAL ARTERY OCCLUSION
646,INFLAMMATORY BOWEL DISEASE
874,PULMONARY EMBOLISM
398,NEUTROPSYCHIATRIC CONDITIONS
731,ACUTE RENAL INJURY
768,PROGRESSIVE SUPRANUCLEAR PALSY
242,STRESS
778,CORNEAL MELT
779,OCULAR INFLAMMATION
844,ADENOCARCINOMA OF PANCREAS
182,OTITIS EXTERNA
810,X-LINKED MYOTUBULAR MYOPATHY
862,NECROTIZING ENTEROCOLITIS
860,BLOOD LOSS
1018,FAMILIAL ADENOMATOUS POLYPOSIS
791,ELEVATED LEVELS OF LIPOPROTEIN
1022,CAM TYPE FEMOROACETABULAR IMPINGEMENT
959,BETA-THALASSEMIA
983,BIRTH ASPHYXIA
1053,ANEURYSM
1046,HEREDITARY TRANSTHYRETIN-MEDIATED AMYLOID POLYNEUROPATHY
970,LATERAL CANTHAL LINES
1054,RETINOBLASTOMA
793,ACUTE PULMONARY EMBOLISM
979,GIANT CELL TUMOR OF BONE
972,HEMOPHAGOCYTIC LYMPHO HISTIOCYTOSIS
332,RHABDOMYOSARCOMA
854,IRON DEFICIENCY
853,ADENOVIRAL CONJUNCTIVITIS
295,PRIMARY HYPERLIPIDEMIA
169,MYOCARDIAL INFARCTION
525,SHOULDER SURGERY
533,WALDENSTRÖM'S MACROGLOBULINEMIA
517,RECOVERY AFTER ANESTHESIA
356,CERVICAL CANCER
229,SEIZURES
769,RADIONECROSIS
689,CHRONIC PLAQUE PSORIASIS
594,ULCERS
457,END STAGE RENAL DISEASE
727,CATARACT SURGERY
838,ALOPECIA AREATA
820,HEPATO CELLULAR CARCINOMA
973,EGFR POSITIVE CANCERS
865,PRADER-WILLI SYNDROME
720,BLASTIC PLASMACYTOID DENDRITIC CELL NEOPLASM
736,SUDDEN DEAFNESS
714,ORGAN TRANSPLANTATION
60,ACUTE OTITIS EXTERNA
710,SYNOVIAL SARCOMA
747,CHRONIC MYELOMONOCYTIC LEUKEMIA (CMML-2)
707,SHOULDER REPLACEMENT
667,ALPHA1-PROTEINASE INHIBITOR DEFICIENT
626,CHRONIC LOW BACK PAIN
897,UNRESECTABLE  HEPATOCELLULAR CARCINOMA
922,HYPEROXALURIA
942,PNEUMOCOCCAL DISEASE
876,COMPLEX REGIONAL PAIN SYNDROME (CRPS)
792,PRURITIS
697,SHORT BOWEL SYNDROME
935,B-CELL ACUTE LYMPHOBLASTIC LEUKEMIA
911,RIB FRACTURES
884,TYMPANOSTOMY
893,FOCAL-ONSET SEIZURES
771,HYPOGLYCEMIA UNAWARENESS
408,RETROPERITONEAL SURGERY
409,PELVIC SURGERY
892,SMALL LYMPHOCYTIC LYMPHOMA
840,RENAL IMPAIRMENT
188,PANCREATIC NEUROENDOCRINE TUMORS
592,HAIRY CELL LEUKEMIA
391,ACE INHIBITOR INDUCED ANGIOEDEMA
4,ACTIVE PSORIATIC ARTHRITIS
368,CARDIAC ARREST
730,EUVOLEMIC OR HYPERVOLEMIC HYPONATREMIA
694,ANGIOIMMUNOBLASTIC T-CELL LYMPHOMA
733,PRIMARY CILIARY DYSKINESIA
784,VITREOUS HEMORRHAGE
846,OPTIC NEURITIS
773,CENTRAL NERVOUS SYSTEM MALIGNANCY
487,RADICULOPATHY
24,BASAL CELL CARCINOMA
268,VON WILLEBRAND DISEASE
812,EPITHELIAL TUMOURS
648,THROMBOTIC THROMBOCYTOPENIC PURPURA
794,NON ALCOHOLIC FATTY LIVER DISEASE (NAFLD)
800,VIRUS-ASSOCIATED CANCER
762,SIALORRHEA
1063,HERNIA
1021,CANCER SURVIVORS
1050,ANGELMAN SYNDROME (AS)
866,LUNG FUNCTION
1043,GASTRO-OESOPHAGEAL CANCER
1033,NODAL SOLID TUMORS
1032,COMPLEX PERIANAL FISTULA
1065,PRIMARY SJOGREN'S SYNDROME (PSJS)
1051,DIGITAL NERVE LACERATION
851,GASTROINTESTINAL SURGERY
1038,COW'S MILK ALLERGY
957,IMMUNE RELATED TOXICITY
261,UPPER RESPIRATORY TRACT INFECTION
758,POLYMYALGIA RHEUMATICA
756,TESTICULAR LYMPHOMA
829,CRITICALLY ILL
883,BOWEL RESECTION
181,OSTEROPOROSIS
14,ALZHEIMER'S DISEASE
29,BREAST CANCER HER2-POSITIVE
172,NEUROBLASTOMA
211,PRIMARY MYELOFIBROSIS (PMF)
127,IDIOPATHIC PULMONARY FIBROSIS (IPF)
380,GLABELLAR LINES
217,PSORIATIC ARTHRITIS
117,HUMAN IMMUNODEFICIENCY VIRUS (HIV)
214,PROSTATE CANCER
73,ENDOMETRIAL CANCER
572,HEREDITARY HAEMORRHAGIC TELANGIECTASIA
308,LEUKEMIA
47,CHRONIC OBSTRUCTIVE PULMONARY DISEASE (COPD)
232,SICKLE CELL DISEASE
469,BONE FRACTURES
86,GASTROINTESTINAL STROMAL TUMOR (GIST)
191,PARKINSON'S DISEASE
562,NEUROSURGICAL CRANIAL PROCEDURES
262,UREA CYCLE DISORDERS
349,HYPERTRIGLYCERIDEMIA
608,HYPOSPADIAS
602,HEPATIC INSUFFICIENCY
289,HERPES ZOSTER
272,ANGINA PECTORIS
580,MICROSCOPIC POLYANGITIS
444,VASCULAR INFLAMMATION
603,COMMON COLD
583,SEPTIC SHOCK
335,BRONCHOPULMONARY DYSPLASIA
330,GIANT CELL ARTERITIS
151,MACULAR EDEMA
65,DIABETIC NEPHROPATHY
124,HYPERTENSION
145,LOW BONE MINERAL DENSITY
326,CHRONIC THROMBOEMBOLIC PULMONARY HYPERTENSION (CTEPH)
285,COGNITIVE IMPAIRMENT
310,SLEEP APNEA
276,OPIOID-INDUCED CONSTIPATION
314,METASTATIC MALIGNANCY
271,HYPERKALEMIA
290,LIPOPROTEIN PARTICLE PRODUCTION
286,BLEB
139,LANGERHANS CELL HISTIOCYTOSIS
282,HEPATIC ENCEPHALOPATHY
568,MACULAR DEGENERATION
440,LYMPHOID MALIGNANCIES
406,ACCORDION WRINKLES
161,MULTIPLE SCLEROSIS
247,TESTOSTERONE DEFICIENCY
19,ASTHMA
565,RELAPSING-REMITTING MULTIPLE SCLEROSIS
257,TYPE 2 DIABETES
95,HEAD AND NECK CANCER
433,ATRIAL FIBRILLATION
33,CLOSTRIDIUM DIFFICILE INFECTION
543,TRAUMA
319,CHRONIC HEART FAILURE
481,HODGKIN LYMPHOMA
177,NON-HODGKIN LYMPHOMA
128,IMMUNE THROMBOCYTOPENIA (ITP)
416,ATRIAL FLUTTER
110,HEPATOCELLULAR CARCINOMA
116,HOMOZYGOUS FAMILIAL HYPERCHOLESTEROLEMIA
163,MYASTHENIA GRAVIS
570,PRIMARY AMENORRHEA
361,DEMENTIA
152,MAJOR DEPRESSIVE DISORDER
158,CHRONIC MIGRAINE
502,SPONTANEOUS CORONARY ARTERY DISSECTION (SCAD)
496,CUTANEOUS MASTOCYTOSIS WITH HANDICAP
293,MALIGNANT SOLID TUMOURS
546,BACTERIAL VAGINOSIS
445,ATHEROSCLEROTIC VASCULAR DISEASE
338,VENOUS THROMBOEMBOLISM
68,DRUG ADDICTION
185,OVERACTIVE BLADDER
235,SMALL CELL LUNG CANCER
443,VULVOVAGINAL ATROPHY
586,OSTEOSARCOMA
581,ADENOVIRUS
578,ACHILLES TENDINOSIS
341,WEIGHT GAIN
327,ANAPLASTIC LARGE-CELL LYMPHOMA
554,ACROMEGALY
283,PRIMARY BLADDER OBSTRUCTION
553,ANASTHESIA
157,MIGRAINE
55,CORONARY ARTERY BYPASS GRAFT
42,CHRONIC COUGH
112,HIDRADENITIS SUPPURATIVA
404,INTRACEREBAL HEMORRAGE
410,OCCLUSIONS
403,MASSETER MUSCLE HYPERTROPHY
468,CONSTIPATION
498,IDIOPATHIC THROMBOCYTOPENIC PURPURA (IPT)
523,HEART FAILURE WITH PRESERVED EJECTION FRACTION
59,CUTANEOUS MELANOMA
471,GASTROINTESTINAL CANCER
509,ANAPLASTIC LYMPHOMA KINASE-POSITIVE ADVANCED NON-SMALL CELL LUNG CANCER
722,RENAL CELL CARCINOMA
633,NEUROENDOCRINE TUMORS
702,BREAST CANCER TRIPLE NEGATIVE
671,RECTAL CANCER
250,THYROID CANCER
674,HYPERTROPHIC GASTROCNEMIUS MUSCLES
967,MUSCLE-INVASIVE BLADDER CANCER
928,ALCOHOL WITHDRAWAL SYNDROME
796,METASTATIC SOLID TUMOURS
895,PYRUVATE KINASE DEFICIENCY
649,PAROXYSMAL NOCTURNAL HEMOGLOBINURIA
929,VITILIGO
687,LIPOPROTEIN LIPASE DEFICIENCY
643,X-LINKED HYPOPHOSPHATEMIA
742,FAMILIAL AMYLOIDOTIC POLYNEUROPATHY
204,POSTPARTUM DEPRESSION
178,NON-MUSCLE INVASIVE BLADDER CANCER (NMIBC)
106,HEPATITIS C VIRUS GENOTYPE 1A OR 1B
861,FIBRODYSPLASIA OSSIFICANS PROGRESSIVA (FOP)
821,HEPATITIS B
837,FRACTURES
808,POSTURAL ORTHOSTATIC TACHYCARDIA SYNDROME
641,MENINGITIS
919,NEONATAL STROKE
914,LUNG DISORDERS
22,AUTOIMMUNE DISEASE
887,BRONCHIOLITIS
826,ENTERAL FEEDING INTOLERANCE
903,MALAR BAGS
593,DRY EYE DISEASE
418,SUPRAVENTRICULAR TACHYARRHYTHMIA
551,PREVENTION OF ACUTE RENAL INJURY
696,ESOPHAGEAL CANCER
21,ATYPICAL HEMOLYTIC UREMIC SYNDROME (AHUS)
786,CARTICOBASAL DEGENERATION
869,BACTERIAL PNEUMONIA
870,IDIOPATHIC INFANTILE HYPERCALCEMIA
761,HYPOFIBRINOGENEMIA
644,POST-CONCUSSION SYNDROME
639,POSTEROLATERAL LUMBAR SPINAL FUSION
588,TRANSTHYRETIN MEDIATED AMYLOIDOSIS
986,CYSTINOSIS
984,BRAIN INJURY
985,WILSON'S DISEASE
636,PEDIATRIC-ONSET HYPOPHOSPHATASIA
955,IMMUNE THROMBOCYTOPENIC PURPURA (ITP)
998,MESOTHELIN-EXPRESSING CANCER
1017,APLHA-MANNOSIDOSIS
1030,BK VIREMIA
1001,ADVANCED MALIGNANT TUMORS
635,LOWER RESPIRATORY TRACT INFECTION
763,THYROID DISORDER
798,GLUCOCORTICOID-INDUCED OSTEOPOROSIS
224,RHEUMATOID ARTHRITIS
167,MULTIPLE MYELOMA
336,ANEURYSMAL SUBARACHNOID HEMORRHAGE
256,TYPE 1 DIABETES
249,THROMBOCYTHEMIA MYELOFIBROSIS
377,POSTERIOR UVEITIS
74,ENDOMETRIOSIS
57,CROHN'S DISEASE
89,GLAUCOMA
467,ANALGESIA
492,BASAL CELL NEVUS SYNDROME
451,TINNITUS
353,MYELOFIBROSIS
389,SUBARACHNOID HEMORRHAGE
393,UROTHELIAL CANCER
321,SPINAL MUSCULAR ATROPHY
700,UNSPECIFIED
255,TRANSPLANTATION
601,PRIMARY SCLEROSING CHOLANGITIS
301,INFERTILITY
221,RENAL INSUFFICIENCY
340,SEDATION
342,MELANOMA WITH BRAF MUTATION
466,KNEE ARTHROPLASTY
88,"GENERALIZED MYASTHENIA GRAVIS (MG)."""
488,GASTROSCHISIS
441,LIVER METASTASES
442,PNEUMONIA
402,EOSINOPHILIC GRANULOMATOSIS
474,MALIGNANCIES
359,GASTROPARESIS
345,CHRONIC HEPATITIS B
537,UNCONTROLLED BLEEDING
825,DRAVET SYNDROME
627,BREAST CANCER METASTATIC TRIPLE NEGATIVE
678,PANCREATIC DUCTAL ADENOCARCINOMA
668,THROMBOSIS
712,BONE METASTASES
699,SPINAL CORD INJURY
975,ALLERGIES
906,CUTANEOUS T-CELL LYMPHOMA (CTCL)
949,INCREASING IN VITRO FERTILISATION (IVF) SUCCESS
198,PLEURAL MESOTHELIOMA
968,KIDNEY TRANSPLANT REJECTION
651,PROPHYLAXIS FOR THROMBOEMBOLISM PREVENTION
755,HEPATORENAL SYNDROME TYPE 1
716,THORACIC SURGERY
746,ALCOHOLIC HEPATITIS (AH)
743,AUTOSOMAL DOMINANT POLYCYSTIC KIDNEY DISEASE
828,ALPHA-1 ANTITRYPSIN DEFICIENCY (AATD)
83,FAMILIAL HYPERCHOLESTEROLEMIA
530,VENOUS THROMBOSIS
419,AORTIC ANEURYSM
875,SMALL BOWEL OBSTRUCTION
925,INFANTILE SPASM
863,HYPOACTIVE SEXUAL DESIRE
1028,CORONAVIRUS DISEASE (COVID-19)
927,GASTROESOPHAGEAL REFLUX DISEASE (GERD)
269,VULVOVAGINAL CANDIDIASIS
907,POSTTRAUMATIC JOINT CONTRACTURES
908,ORAL MUCOSITIS
894,CANCER PAIN
818,BRONCHOCONSTRICTION
366,METASTATIC ENDOMETRIAL CANCER
155,MENIERE'S DISEASE
650,METASTATIC PANCREATIC DUCTAL ADENOCARCINOMA
637,ISCHEMIC LEFT VENTRICULAR DYSFUNCTION
529,ACUTE VENOUS THROMBOEMBOLISM
612,DESMOID TUMORS
606,CHRONIC SUBDURAL HEMATOMA
595,PYODERMA GANGRENOSUM
347,PICK'S DISEASE
426,HYPERAMMONEMIA
396,UV-INDUCED IMMUNOSUPRESSION
350,DIFFUSE INTRINSIC PONTINE GLIOMAS
383,SOFT TISSUE DEFECTS
414,ALBUMINURIA
721,MERKEL CELL CARCINOMA
787,LI-FRAUMENI SYNDROME
783,DIABETIC RETINOPATHY
202,POST-HERPETIC NEURALGIA (PHN)
774,MUSCULAR DYSTROPHY
745,ALPORT SYNDROME
795,PARATHYROID ADENOMA
859,VAGINECTOMY
868,PREVENTION OF RIGHT HEART FAILURE
969,PRURIGO NODULARIS
974,NON-SQUAMOUS/SQUAMOUS NSCLC
1058,DYSLEXIA
1002,ER+/HER2-BREAST CANCER
1047,THERMAL INJURY
879,ACUTE ISCHAEMIC STROKE
1056,EPITHELIOID SARCOMA
1045,PRIMARY SCLEROSING CHOLANGITIS (PSC)
1006,UVEITIS
253,TRANSFUSIONAL IRON OVERLOAD
618,GRANULOMATOSIS
709,ILEOSTOMY
966,CONGENITAL ACHROMATOPSIA
831,HEPATIC IMPAIRMENT
852,BACTERIAL CONJUNCTIVITIS
456,CHRONIC KIDNEY DISEASE (CKD)
34,CARCINOMA OF THE HEAD AND NECK
156,MENINGITIS B
183,OVARIAN CANCER
196,PLAQUE PSORIASIS
278,SOLID TUMORS
318,NONSENSE MUTATION DYSTROPHINOPATHY
397,ANKYLOSING SPONDYLITIS
275,HEPATITIS C VIRUS
58,CUSHING'S DISEASE
90,GLIOBLASTOMA
587,CHOLANGIOCARCINOMA
165,MYELOID LEUKEMIA
590,HEMORRHAGE
477,POST-POLIO SYNDROME
495,INDOLENT SYSTEMIC MASTOCYTOSIS
28,BREAST CANCER
62,CYTOMEGALOVIRUS
484,LIVER TRANSPLANTATION
119,HUMAN PAPILLOMA VIRUS (HPV)
574,AMYLOIDOSIS
160,MUCOPOLYSACCHARIDOSIS IVA (MORQUIO  SYNDROME)
600,LIPOSARCOMA
280,RESPIRATORY SYNCYTIAL VIRUS
246,SYSTEMIC SCLEROSIS
703,ANOREXIA
662,ARTICULAR CARTILAGE INJURY
705,INHERITED THROMBOPHILIA
31,BREAST CANCER METASTATIC
584,ANTIPHOSPHOLIPID SYNDROME
316,OBSESSIVE COMPULSIVE DISORDER
305,DELERIUM
220,RENAL FAILURE
561,MELANOMA NEGATIVE FOR NRAS
320,ADENOCARCINOMA
306,METABOLIC SYNDROME
312,PSYCHOTIC DISORDER
270,LAMBERT-EATON MYASTHENIC SYNDROME (LEMS)
333,UTERINE FIBROIDS
184,OVARIAN CANCER PRIMARY PERITONEAL
352,ESOPHAGEAL SQUAMOUS CELL CARCINOMA (ESCC)
142,LIVER DISEASE
200,ESSENTIAL THROMBOCYTHEMIA
430,NEUROFIBROMATOSIS TYPE I
143,LIVER / HEPATIC DYSFUNCTION
92,GLIOMA MALIGNANT
460,MEDULLOBLASTOMA
630,CHOLERA
514,POST-POLYCYTHEMIA VERA MYELOFIBROSIS
513,POST-ESSENTIAL THROMBOCYTHEMIA MYELOFIBROSIS
540,SARCOMERIC HYPERTROPHIC CARDIOMYOPATHY
309,TUBEROUS SCLEROSIS COMPLEX (TSC)
625,BLADDER CANCER
77,NEUROGENIC DETRUSOR OVERACTIVITY
681,LUPUS NEPHRITIS
729,PULMONARY VEIN STENOSIS
692,PRIMARY PERITONEAL CANCER
686,CHILDHOOD SARCOMAS
652,ACUTE OPTIC NEURITIS
785,ORNITHINE TRANSCARBAMYLASE DEFICIENCY
841,DILATED CARDIOMYOPATHY
193,PERIPHERAL T CELL LYMPHOMA
830,PRIMARY BILIARY CHOLANGITIS (PBC)
873,HYPERGLYCEMIA
87,GAUCHER DISEASE TYPE 1
909,CARDIAC SARCOIDOSIS
904,IGA NEPHROPATHY
912,IDIOPATHIC INTRACRANIAL HYPERTENSION
8,ADENOID CYSTIC CARCINOMA (ACC)
880,CESAREAN DELIVERY
753,INTRAHEPATIC CHOLANGIOCARCINOMA
889,SCOLIOSIS
479,HUNTER SYNDROME
93,GOUT
614,ACUTE MAJOR BLEEDING
23,BARRETT'S ESOPHAGUS (BE)
358,ISCHEMIC EVENTS
439,GASTROINTESTINAL DISORDERS
693,ANTIBIOTIC RESISTANCE
563,CRITICAL LIMB ISCHEMIA
806,HEPATIC STEATOSIS
811,IL-18 DRIVEN MONOGENIC AUTOINFLAMMATORY CONDITIONS
809,AUTOIMMUNE HEPATITIS
206,POST-STROKE SPASTICITY OF LOWER LIMB
980,MENOPAUSE-RELATED VASOMOTOR SYMPTOMS
40,CENTRAL RETINAL VEIN OCCLUSION
1041,ATOPIC HAND AND FOOT DERMATITIS
1055,WHIM SYNDROME
1057,DEGENERATIVE SPONDYLOLISTHESIS
819,COLD AGGLUTININ DISEASE
988,DIABETIC KIDNEY DISEASE
843,CHRONIC SPONTANEOUS URTICARIA (CSU)
1040,HER2-AMPLIFIED BILIARY TRACT CANCERS
1061,ARTHRALGIAS
1000,XEROSTOMIA
991,NAUSEA
856,CHARCOT-MARIE-TOOTH DISEASE TYPE 1A
767,GESTATIONAL DIABETES MELLITUS
624,FRONTOTEMPORAL LOBAR DEGENERATION
660,EMBOLIC STROKE
661,SYSTEMIC EMBOLISM
1049,MYOTUBULAR MYOPATHY
45,CHRONIC IRON OVERLOAD REQUIRING CHELATION THERAPY
971,MYCOSIS FUNGOIDES
764,HYPERMUTANT CANCER
518,EGFR MUTATION SOLID MALIGNANCIES
538,MAJOR CARDIOVASCULAR EVENTS
296,MIXED DYSLIPIDEMIA
104,HEPATITIS C VIRUS GENOTYPE 1
1,ACNE
122,HYPERCHOLESTEROLEMIA
281,THROMBOLYSIS
313,BEHAVIORAL VARIANT FRONTOTEMPORAL DEMENTIA (BVFTD)
505,LOCALLY ADVANCED/METASTATIC NON SMALL CELL LUNG CANCER
571,ADVANCED SOLID TUMORS
362,CHRONIC LYMPHOCYTIC LEUKEMIA
582,EBOLA VIRUS INFECTION
82,FAMILIAL CHYLOMICRONEMIA SYNDROME
392,EPILEPSY
125,HYPOGONADAL
258,ULCERATIVE COLITIS
504,ACUTE MYOCARDIAL INFARCTION
493,CHYLOMICRONEMIA
137,KIDNEY DISEASE
103,HEPATITIS B VIRUS
575,LIGHT CHAIN DEPOSITION DISEASE
136,JUVENILE IDIOPATHIC ARTHRITIS (JIA)
589,BURN
252,TOURETTES SYNDROME
186,PAIN
63,DIABETES MELLITUS
329,ANEMIA
521,NASOPHARYNGEAL CARCINOMA
10,ADVANCED CANCERS
311,SYSTEMIC LUPUS ERYTHEMATOSUS
325,CHOROIDAL NEOVASCULARIZATION
153,MALIGNANT PLEURAL MESOTHELIOMA
166,MYELOMONOCYTIC LEUKEMIA
298,INCOMPLETE ATYPICAL FEMUR FRACTURES
284,NEUROINFLAMMATION
233,SICKLE CELL ANEMIA
307,EYE SURGERY
287,ANUERISMAL SUBARACHNOID HAEMORRHAGE
27,BRAIN METASTASES
66,DIABETIC NEUROPATHIC PAIN
435,PREMATURE LABOUR
212,OSTEOARTHRITIS OF THE KNEE
708,SKELETAL PATHOLOGY
425,SEASONAL ALLERGIC RHINITIS
452,CHOLESTATIC LIVER DISEASE
461,SCALP AND BODY PSORIASIS
459,METASTATIC SALIVARY GLAND NEOPLASM
449,DOWN SYNDROME
463,GLUCOSE TRANSPORTER 1 DEFICIENCY SYNDROME
548,CHRONIC SCROTAL PAIN
536,INFRAINGUINAL PERCUTANEOUS TRANSLUMINAL ANGIOPLASTY
542,TRANSTHYRETIN AMYLOID CARDIOMYOPATHY
355,UTERINE LEIOMYOMA
141,LIMB SPASTICITY
432,DIABETIC GASTROPARESIS
629,THYROID SCAN INDICATION
510,SYMPTOMATIC PULMONARY HYPERTENSION ASSOCIATED WITH IDIOPATHIC INTERSTITIAL PNEUMONIAS
512,NON-SQUAMOUS CARCINOMA OF THE LUNG
567,CYSTIC LESIONS
526,SYMPTOMATIC LEG SUPERFICIAL VEIN THROMBOSIS
483,PULMONARY HYPERTENSION
772,CIRRHOSIS OF THE LIVER
683,NON-PROLIFERATIVE DIABETIC RETINOPATHY
680,EPITHELIAL OVARIAN CANCER
673,AXIAL SPONDYLARTHRITIS
665,ADVANCED MALIGNANCIES
379,FOREHEAD LINES
933,RELAPSED AND/OR REFRACTORY B-CELL LYMPHOMA
962,MALIGNANT PLEURAL EFFUSION
816,HYPOPARATHYROIDISM
423,INTERSTITIAL LUNG DISEASE
855,OBESITY
715,ALCOHOL USE DISORDER
94,GROWTH HORMONE DEFICIENCY
682,GENITAL PSORIASIS
85,FRAGILE X SYNDROME
751,THROMBOPHYLAXIS
740,COLORECTAL ADENOCARCINOMA
663,EPISODIC MIGRAINE
898,OPTIC NEUROPATHY
905,ORAL CAVITY CANCER
382,CHOROIDEREMIA
631,ALLERGIC CONJUNCTIVITIS
923,MOOD & METABOLIC DISORDERS
882,METHICILLIN-RESISTANT STAPHYLOCOCCUS AUREUS (MRSA)
815,B-CELL MALIGNANCIES
497,NON-CYSTIC FIBROSIS BRONCHIECTASIS
49,COLON CANCER
464,MYOCARDIAL FIBROSIS
500,PRE- AND POST-CAPILLARY PULMONARY HYPERTENSION (CPCPH)
640,EPSTEIN-BARR VIRUS (EBV) INFECTION
613,GENDER AFFIRMING THERAPY
596,KERATOPROSTHESIS
390,SUBFOVEAL NEOVASCULAR AGE-RELATED MACULAR DEGENERATION
412,POSTPRANDIAL HYPOTENSION
372,ISCHEMIC DILATED CARDIOMYOPATHY
374,ASSISTED REPRODUCTIVE TECHNOLOGY PROGRAMME
381,FACIAL AGING
684,CAROTID ATHEROSCLEROTIC PLAQUE
698,ADVANCED LUNG CANCER
845,DYSPHAGIA
788,NEUROCOGNITIVE DISORDERS
807,UPSHAW-SCHULMAN SYNDROME
864,ATHEROSCLEROSIS
1036,T CELL MALIGNANCY
114,HIP PAIN
1052,ISCHEMIC MITRAL INSUFFICIENCY
1062,PROTOPORPHYRIA
1035,COMMUNITY-ACQUIRED PNEUMONIA
1042,IGG4 RELATED DISEASE
1007,LIGNEOUS CONJUNCTIVITIS
999,PAROTID GLAND HYPOFUNCTION
1025,OPIOID USE DISORDER
964,IDIOPATHIC INFLAMMATORY MYOPATHY
965,GRAVES` OPHTHALMOPATHY
954,RETINITIS PIGMENTOSA (RP)
658,APPENDICITIS
977,HRRM/HRD POSITIVE ADVANCED CANCER
943,POST-MENOPAUSAL VASOMOTOR SYMPTOMS
56,CORONARY HEART DISEASE OR HIGH RISK OF CORONONARY HEART DISEASE
360,NEPHROPATHY
535,TRANSFUSION DEPENDENT THALASSEMIA
238,SPINAL CORD LESION
179,NON-SMALL CELL LUNG CANCER
324,NEUROMYELITIS OPTICA SPECTRUM DISORDER
199,POLYCYTHEMIA VERA (PV)
70,DUCHENNE MUSCULAR DYSTROPHY
131,INFLUENZA
323,DEPRESSION
96,HEMODIALYSIS
46,CHRONIC MYELOID LEUKEMIA
294,CARDIAC SURGERY
108,HEPATITIS C VIRUS GENOTYPE 3
343,CASTRATION RESISTANT PROSTATE CANCER
237,SOFT TISSUE SARCOMA
100,HEMOPHILIA B
494,SMOLDERING SYSTEMIC MASTOCYTOSIS
334,SARCOMA
503,CARPAL TUNNEL SYNDROME
322,IDIOPATHIC CONSTIPATION
37,CARDIOVASCULAR DISEASE
265,VASCULAR DISEASE
317,MYELODYSPLASTIC SYNDROME
15,AMYOTROPHIC LATERAL SCLEROSIS (ALS)
527,"BREAST CANCER, HORMONE RECEPTOR POSITIVE, HER2 NEGATIVE LOCALLY ADVANCED OR METASTATIC"
520,ACTINIC KERATOSIS
486,OROPHARYNX CANCER
576,IRRITABLE BOWEL SYNDROME
604,TARDIVE DYSKINESIA
579,POLYANGITIS
135,ISLET TRANSPLANTATION
577,HEPATITIS C VIRUS GENOTYPE 4
331,OVARIAN CARCINOMA
260,PULMONARY DISORDERS
132,INTERSTITIAL CYSTITIS/BLADDER PAIN SYNDROME
555,PITUIARY TUMOR
556,ECTOPIC ACTH SECRETING (EAS) TUMORS
560,MELANOMA NEGATIVE FOR BRAF
304,MRI IMAGING
3,ACTIVE ANKYLOSING SPONDYLITIS
174,NEUROPATHIC PAIN
12,ALLERGIES PEANUT
472,VASCULAR DEPRESSION
26,BRAF MUTATION-POSITIVE TUMORS
438,ORTHOSTATIC HYPOTENSION
490,CARCINOID SYNDROME
38,CELIAC DISEASE
491,POST PARTUM MOOD SYMPTOMS
489,UVEAL MELANOMA
519,ADVANCED HEPATOCELLULAR CARCINOMA
539,HEREDITARY PERIODIC FEVERS
485,POST-PROSTATECTOMY
264,URINARY TRACT INFECTION
399,CHRONIC SPONTANEOUS URTICARIA
550,EOSINOPHILIC ESOPHAGITIS
515,THROMBOCYTOPENIA
130,IMPLANTABLE CARDIOVERTER DEFIBRILLATOR
532,HEPATIC-ONLY METASTASES OF  COLORECTAL CANCER
386,RELAPSED OR REFRACTORY MULTIPLE MYELOMA
424,MANTLE CELL LYMPHOMA
766,CONGENITAL HYPERINSULINEMIA
348,HYPERLIPIDEMIA
823,REFRACTORY EPILEPTIC ENCEPHALOPATHY
759,NASAL POLYPOSIS
827,SURGERY
51,COLORECTAL CARCINOMA
64,DIABETIC MACULAR EDEMA
605,HYPOTENSION
670,MANAGEMENT OF THE MASSETER
726,ACUTE HERPETIC GINGIVOSTOMATITS
939,EOSINOPHILIC ASTHMA
695,POUCHITIS
701,KIDNEY TRANSPLANTATION
950,RECESSIVE DYSTROPHIC EPIDERMOLYSIS BULLOSA
832,HEART DISEASE
236,SMOKING CESSATION
415,OVERWEIGHT/OBESITY
711,POSITRON EMISSION TOMOGRAPHY (PET)
620,EPISODIC CLUSTER HEADACHE
725,STEATOHEPATITIS NON-ALCOHOLIC
508,HYPERTROPHIC CARDIOMYOPATHY
655,IMMUNOGLOBULIN A NEPHROPATHY
654,MYELOPROLIFERATIVE NEOPLASMS
470,ABUSE POTENTIAL
149,LYMPHOCYTIC LEUKEMIA
842,GLIOMA
941,ANAL DYSPLASIA
940,OSTEOMEDULLARY DISEASE
938,PSYCHOSIS
900,CATECHOLAMINERGIC POLYMORPHIC VENTRICULAR TACHYCARDIA (CPVT)
848,CHRONIC MYELOGENOUS LEUKEMIA (CML)
597,ESSENTIAL TREMOR
916,SENSORINEURAL HEARING LOSS
146,LUNG DISEASE
817,HIGH GRADE SQUAMOUS INTRAEPITHELIAL LESION (HSIL) OF THE CERVIX
890,PERIOPERATIVE PAIN
645,ACTIVE AXIAL SPONDYLOARTHRITIS
225,ROSACEA
175,NOCTURIA
417,SUPRAVENTRICULAR TACHYCARDIA
346,FRONTOTEMPORAL DEMENTIA
354,AUTISM
427,DERMATOMYOSITIS
375,BONE SCINTIGRAPHY
685,NEURODEGENERATIVE DEMENTIAS
732,MOLYBDENUM COFACTOR DEFICIENCY TYPE A
782,ARTICULAR CARTILAGE DEFECT
775,ARGINASE-1 DEFICIENCY
867,RADIATION ASSOCIATED LUNG INJURY
642,PERSONALITY DISORDER
659,VASOMOTOR SYMPTOMS
1037,B CELL MALIGNANCY
1009,DIABETIC FOOT ULCERS
101,HEPARIN-INDUCED THROMBOCYTOPENIA (HIT)
981,PLASMA CELL DISORDERS
947,DYSKINESIA
1031,EPSTEIN-BARR VIRUS-RELATED LYMPHOPROLIFERATIVE DISEASES
1029,HYPOPLASTIC LEFT HEART SYNDROME (AUTO CELL-II)
944,MYELOID MALIGNANCIES
1024,LUNG TRANSPLANT RECIPIENT
953,PEMPHIGUS
657,FAMILIAL AMYLOIDOTIC CARDIOMYOPATHY
672,PIGMENTED VILLONODULAR SYNOVITIS OR GIANT CELL TUMOR OF THE TENDON SHEATH
267,VITAMIN DEFICIENCY
1034,CIRCULATING TUMOR DNA (CTDNA) POSITIVE
757,CENTRAL NERVOUS SYSTEM LYMPHOMA
744,BIPOLAR POSTPARTUM DEPRESSION
850,CONGENITAL MYASTHENIC SYNDROMES (CMS)
111,HETEROZYGOUS FAMILIAL HYPERCHOLESTEROLEMIA
387,DYSLIPIDEAMIA
107,HEPATITIS C VIRUS GENOTYPE 2 OR 3
243,STROKE
376,INTERMEDIATE UVEITIS
61,CYSTIC FIBROSIS
371,PSORIASIS
120,HUNTINGTON DISEASE
11,ALLERGIES ENVIRONMENTAL
507,RELAPSED OR REFRACTORY SOLID TUMORS
6,ACUTE MYELOGENOUS LEUKEMIA
482,OSTEOARTHRITIS
421,HEART FAILURE
401,PANCREATIC ADENOCARCINOMA
545,UNRESECTABLE ADVANCED PERIHILAR CHOLANGIOCARCINOMA
13,ALLERGIES RESPITATORY
273,SECONDARY HYPERPARATHYROIDISM
302,NAUSEA AND VOMITING
564,RETINOPATHY OF PREMATURITY
607,HIP FRACTURE
516,HER2 NEGATIVE METASTATIC OR LOCALLY ADVANCED UNRESECTABLE BRCA ASSOCIATED BREAST CANCER
428,SUBSTANCE ABUSE
400,METASTATIC COLORECTAL CANCER
599,VENTRICULAR ARRHYTHMIA
148,LYMPHOBLASTIC LEUKEMIA
9,ATTENTION DEFICIT HYPERACTIVITY DISORDER (ADHD)
133,INTRA-ABDOMINAL INFECTION
129,IMMUNOSUPPRESSANTS
194,PERITONEAL CARCINOMATOSIS
337,GASTRIC CANCER
557,DUMPING SYNDROME
277,HEALTH IMPROVEMENT
134,ISCHEMIC ATTACK AND MINOR STROKE
79,FABRY DISEASE
170,MYOCARDIAL PERFUSION
288,NEOVASCULAR AGE-RELATED MACULAR DEGENERATION
436,CRANIOCEREBRAL TRAUMA
420,ADDICTION
297,PALMOPLATER PSORIASIS
291,SOMATOSTATIN RECEPTOR POSITIVE TUMOURS
437,TRAUMATIC BRAIN INJURY
450,BINGE EATING DISORDER
465,HIP ARTHROPLASTY
455,MIDDLE EAR EFFUSION
462,PANCREATITIS
447,PULMONARY NODULES
405,URINARY INCONTINENCE
197,PLATINUM-RESISTANT OVARIAN CANCER
524,NEUROGENIC BLADDER DYSFUNCTION
511,AXILLARY HYPERHIDROSIS
541,PAPILLARY RENAL CELL CARCINOMA
230,SEPSIS
203,POSTMENOPAUSAL
728,FACIAL CAPILLARY MALFORMATIONS
207,POST-TRAUMATIC STRESS DISORDER
499,ACUTE CORONARY SYNDROME
534,THALASSEMIA
619,GASTROESOPHAGEAL JUNCTION CANCER
675,FAMILIAL PRIMARY HYPOALPHALIPOPROTEINEMIA
723,B-CELL NON-HODGKIN'S LYMPHOMA
251,TOURETTE'S DISORDER
945,RESTLESS LEGS SYNDROME
776,PALMOPLANTAR PUSTULOSIS
770,HEPATIC VENO-OCCLUSIVE DISEASE
833,TONSILLECTOMY
724,SQUAMOUS CELL CARCINOMA OF THE HEAD AND NECK
814,ADULT ONSET STILL'S DISEASE
836,LENNOX-GASTAUT SYNDROME
752,SUBUNGUAL ONYCHOMYCOSIS (DSO)
713,GLIOSARCOMA
749,NUT MIDLINE CARCINOMA (NMC)
754,OSTEONECROSIS
741,ATHLETE'S FOOT (TINEA PEDIS)
664,SJÖGREN'S SYNDROME
653,POSTERIOR INSTRUMENTED LUMBAR SPINAL FUSION
72,PULMONARY EMPHYSEMA
899,ORAL LICHEN PLANUS (OLP)
691,LYMPHOMA
780,METASTATIC CEA-POSITIVE SOLID TUMORS
937,COAGULOPATHY
918,DISTAL RENAL TUBULAR ACIDOSIS
920,HEMOLYTIC DISEASE
44,CHRONIC INFLAMMATORY DEMYELINATING POLYNEUROPATHY (CIDP)
656,NARCOLEPSY
888,MULTIPLE OSTEOCHONDROMAS
647,ACTIVE RADIOGRAPHIC AXIAL SPONDYLOARTHRITIS
638,ANAPLASTIC ASTROCYTOMA
901,PENILE CANCER
611,AGGRESSIVE FIBROMATOSIS
357,SITOSTEROLEMIA
384,ABNORMAL WOUND HEALING
373,OVARIAN STIMULATION
369,BILIARY ATRESIA
688,ENTEROBACTERIACEAE
777,TEMPOROMANDIBULAR DISORDER
849,INTRACRANIAL METASTASIS
858,FONTAN PALLIATION
857,ANTIBODY AUTOIMMUNE HEMOLYTIC ANEMIA
1048,RETT SYNDROME
98,HEMOPHILIA
1008,VULVODYNIA
982,LAMELLAR ICHTHYOSIS
1044,ADVANCED TUMORS
1014,ADVERSE VASCULAR EVENTS
1039,ENDOGENOUS CUSHING SYNDROME
997,SJOGREN'S SYNDROME
1005,CHRONIC INFLAMMATORY DISEASES
958,HER2-LOW UNRESECTABLE AND/OR METASTISTIC BREAST CANCER
952,PATENT DUCTUS ARTERIOSUS (PDA)
797,PRIMARY IMMUNE DEFICIENCY
585,PEMPHIGUS VULGARIS
948,CEREBRAL PALSY
760,URINARY TRACT CARCINOMA
847,POST-OPERATIVE URINARY RETENTION
5000,COVID
473,LUPUS ÉRYTHÉMATEUX
154,MÉLANOME
970,LIGNES LATÉRALES CANTHALES
218,HYPERTENSION ARTÉRIELLE PULMONAIRE (HAP)
1054,RÉTINOBLASTOME
930,GLYCOGÉNOSE DE TYPE IA
215,CANCER DE LA PROSTATE MÉTASTATIQUE RÉSISTANT À LA CASTRATION
99,HÉMOPHILIE A
201,MALADIE DE POMPE
279,DERMATITIE ATOPIQUE
501,TROUBLE BIPOLAIRE
871,TACHYCARDIE PAROXYSTIQUE SUPRAVENTRICULAIRE (TPSV)
370,MALADIE DU GREFFON CONTRE L'HÔTE
799,RHINOSINUSITE
210,MALADIES D'IMMUNODÉFICIENCE PRIMAIRE
734,STÉATOHÉPATITE NON ALCOOLIQUE (NASH)
292,HÉMATOLOGIQUES MALIGNES
506,LEUCÉMIE MYÉLOÏDE AIGUË DE RECHUTE OU RÉFRACTAIRE
50,CANCER COLORECTAL
187,CANCER DU PANCRÉAS
959,BÉTA-THALASSEMIA
719,LEUCÉMIE MYÉLOÏDE AIGUË
25,DÉPRESSION BIPOLAIRE
81,CANCER DES TROMPES DE FALLOPE
793,L'EMBOLIE PULMONAIRE AIGU
150,LYMPHOME DIFFUS À GRANDES CELLULES B
315,LYMPHOME FOLLICULAIRE
429,TROUBLE ANXIEUX
979,CELLULES GÉANTES DE TUMEURS D'OS
240,CARCINOME ÉPIDERMOÏDE
351,TROUBLES DU SPECTRE AUTISTIQUE
431,GREFFE DE CELLULES SOUCHES HÉMATOPOÏÉTIQUES
983,L'ASPHYXIE À LA NAISSANCE
598,MALADIE CORONARIENNE
458,CANCER BILIAIRE
394,LEUCÉMIE AIGUË LYMPHOBLASTIQUE
844,ADÉDOCARCINOME DU PANCRÉAS
476,GLOMÉRULOSCLÉROSE SEGMENTAIRE ET FOCALE(GSSF)
168,MYÉLOME
227,SCHIZOPHRÉNIE
768,PARALYSIE SUPRANUCLÉAIRE PROGRESSIVE
454,CHOLESTASE INTRAHÉPATIQUE PROGRESSIVE FAMILIAL
388,DIABÈTE
1053,ANÉVRISME
860,PERTE SANGUINE
475,RHINITE
790,INFECTION TUBERCULEUSE (TB) LATENTE
453,SYNDROME D'ALAGILLE
1046,POLYNEUROPATHIE AMYLOÏDE HÉRÉDITAIRE LIÉE À UNE MUTATION DE LA TRANSTHYRÉTINE
395,ANGIONEUROTIQUE HÉRÉDITAIRE
1018,POLYPOSES ADÉNOMATEUSES FAMILIALES.
791,TAUX ÉLEVÉ DE LIPOPROTÉINES
1022,CONFLIT FÉMORO-ACÉTABULAIRE DE TYPE CAME
921,CANCER ANAL
735,TUMEURS DE GONOCYTES
813,CARCINOME
835,AGRESSION
737,INSOMNIE
219,CARCINOME MÉTASTATIQUE DES CELLULES RÉNALES
878,GLOMÉRULOPATHIE
676,IMMUNODÉFICIENCE HUMORALE PRIMAIRE
609,MYOPATHIE DU GNE
610,MYOPATHIE À CORPS DINCLUSIONS HÉRÉDITAIRE
679,PRODUCTION DE LIPOPROTÉINES
669,CANCER DU REIN
209,CIRRHOSE BILIAIRE PRIMITIVE
961,DYSFONCTIONS CARDIOPULMAIRES
960,ALLERGIES ALIMENTAIRES
531,DIARRHÉE ASSOCIÉE AU CLOSTRIDIUM DIFFICILE
972,LYMPHO HISTIOCYTOSE HEMOPHAGOCYSTAIRE
332,RHABDOMYOSARCOME
632,IMMUNISATION
569,DOULEUR ASSOCIÉE À L'HYSTÉRECTOMIE
854,CARENCE EN FER
853,CONJONCTIVITE ADÉNOVIRAUX
407,CHIRURGIE ABDOMINALE
573,DYSTROPHIE MUSCULAIRE OCULO-PHARYNGÉE (DMOP)
213,ADÉNOCARCINOME PROSTATIQUE
628,ALGIE VASCULAIRE CHRONIQUE DE LA FACE
552,PROPHYLAXIE D'INFECTIONS
328,TUMEUR INFLAMMATOIRE MYOFIBROBLASTIQUE
434,PRÉ-ÉCLAMPSIE
446,NEUROFIBROMES PLEXIFORMES
385,MALADIES NEURODÉGÉNÉRATIVES
448,ALLERGIE À L'HERBE À POUX
105,VIRUS DE L'HÉPATITE C DE GÉNOTYPE 1 OU 4
413,SYNCOPE VASOVAGALE
522,PLAQUE DANS L'ARTÈRE CAROTIDE
549,OSTÉOGENÈSE IMPARFAITE
547,CARENCE EN LIPASE ACIDE LYSOSOMALE
378,PANUVÉITE
544,PHASE CHRONIQUE OU ACCÉLÉRÉE DE LEUCÉMIE MYÉLOÏDE CHRONIQUE
706,FAUSSE COUCHES RÉCURRENTES
478,HYPERPLASIE DE LA PROSTATE
917,OEDÈME CÉRÉBRAL
992,MASTOCYTOSE
926,MALADIES PÉROXYSOMIALES
915,TRANSPOSITION DES GROS VAISSEAUX (TGV)
182,OTITE EXTERNE
810,MYOPATHIE MYOTUBULAIRE LIEE A L'X
862,L'ENTÉROCOLITE NÉCROTIQUE
646,MALADIE INTESTINALE INFLAMMATOIRE
902,L'OCCLUSION ARTÉRIELLE RADIALE
874,L'EMBOLIE PULMONAIRE
765,TUMEURS CÉRÉBRALES PRIMITIVES
834,MYOCARDIOPATHIE
739,TROUBLES HÉRÉDITAIRES DE LA RÉTINE
717,GLYCÉMIE
704,INSUFFISANCE PANCRÉATIQUE EXOCRINE
666,ADÉNOCARCINOME DE L¿ESTOMAC
877,DES ÉVÉNEMENTS RÉNALE GRAVES
931,SYNDROME LYMPHOPROLIFERATIF ASSOCIÉ AU VIRUS D'EPSTEIN-BARR
731,INSUFFISANCE RENALE CHRONIQUE
242,STRESS
778,FONTE CORNÉENNÉS
779,INFLAMMATION OCULAIRE
398,TROUBLES NEUROPSYCHIATRIQUES
161,SCLÉROSE EN PLAQUES
837,FRACTURES
722,CARCINOME À CELLULES RÉNALES
158,MIGRAINE CHRONIQUE
468,CONSTIPATION
169,INFARCTUS DU MYOCARDE
112,HIDROSADÉNITE SUPPURÉE
163,MYASTHÉNIE GRAVE
481,LYMPHOME DE HODGKIN
235,CANCER PULMONAIRE À PETITES CELLULES
157,MIGRAINE
33,INFECTION À CLOSTRIDIUM DIFFICILE
152,SYNDROME DÉPRESSIF MAJEUR
702,CANCER DU SEIN TRIPLE NÉGATIF
433,FIBRILLATION AURICULAIRE
338,THROMBOEMBOLIE VEINEUSE
796,TUMEURS SOLIDES MÉTASTATIQUES
1017,ALPHA-MANNOSIDOSE
1030,VIRÉMIE BK
250,CANCER DE LA THYROÏDE
696,CANCER DE L'OESOPHAGE
523,INSUFFISANCE CARDIAQUE AVEC FRACTION DÉJECTION CONSERVÉE
588,POLYNEUROPATIE PROVOQUÉE PAR LA TRANSTHYRÉTINE ((POLYNEUROPATHIE AMYLOSE FAMILIALE PAF))
177,LYMPHOME NON HODGKINIEN
19,ASTHME
178,CANCER VÉSICAL NON ENVAHISSANT LE MUSCLE
929,VITILIGO
1001,TUMEURS MALIGNES À UN STADE AVANCÉ
116,HYPERCHOLESTÉROLÉMIE FAMILIALE HOMOZYGOTE
257,DIABÈTE DE TYPE 2
110,CARCINOME HÉPATOCELLULAIRE
443,ATROPHIE VULVO-VAGINALE
986,LA CYSTINOSE
984,LÉSION CÉRÉBRALE
95,CANCER CERVICO-FACIAL
967,CANCER VÉSICAL ENVAHISSANT DE MUSCLE
471,CANCER GASTRO-INTESTINAL
985,LA MALADIE DE WILSON
636,HYPOPHOSPHATASIE D'ORIGINE PÉDIATRIQUE
887,BRONCHIOLITE
955,PURPURA THROMBOCYTOPÉNIQUE IDIOPATHIQUE (PTI)
649,HÉMOGLOBINURIE PAROXYSTIQUE NOCTURNE
586,OSTÉOSARCOME
808,SYNDROME DE TACHYCARDIE ORTHOSTATIQUE POSTURALE
42,TOUX CHRONIQUE
998,CANCER EXPRIMANT LA MÉSOTHÉLINE
293,TUMEURS SOLIDES MALIGNES
404,HÉMORRAGIE INTRACRÂNIENNE
185,VESSIE HYPERACTIVE
22,MALADIE AUTO-IMMUNE
319,DÉFAILLANCE CARDIAQUE CHRONIQUE
553,ANASTHÉSIE
633,TUMEURS NEUROENDOCRINES
671,CANCER DU RECTUM
341,PRISE DE POIDS
565,SCLÉROSE EN PLAQUES RÉCURRENTE-RÉMITTENTE
674,MUSCLES GASTROCNÉMIENS HYPERTROPHIQUES
928,SYNDROME D'ABSTINENCE ALCOOLIQUE
895,DÉFICIT EN PYRUVATE-KINASE
21,SYNDROME HÉMOLYTIQUE ET URÉMIQUE ATYPIQUE
361,DÉMENCE
761,HYPOFINBRINOGÉNÉMIE
763,DÉSORDRES THYROÏDIENS
798,OSTÉOPOROSE INDUITE PAR LES GLUCOCORTICOÎDES
635,INFECTION DES VOIES RESPIRATOIRES INFÉRIEURES
554,ACROMÉGALIE
543,TRAUMATISME
55,PONTAGE AORTOCORONARIEN
59,MÉLANOME CUTANÉ
498,PURPURA THROMBOCYTOPÉNIQUE IDIOPATHIQUE (PTI)
593,SYNDROME DE LOEIL SEC
327,LYMPHOME ANAPLASIQUE À GRANDES CELLULES
283,OBSTRUCTION PRIMAIRE DU COL VÉSICAL
295,HYPERLIPIDÉMIE PRIMAIRE
445,MALADIE VASCULAIRE ATHÉROSCLÉROTIQUE
410,OCCLUSIONS
403,HYPERTROPHIE DU MUSCLE MASSÉTER
68,DÉPENDANCE AUX DROGUES
509,"CANCER DU POUMON NON À PETITES CELLULES, AVANCÉ, AVEC LYMPHOME ANAPLASTIQUE KINASE POSITIF"
247,DÉFICIENCE EN TESTOSTÉRONE
128,THROMBOCYTOPÉNIE IMMUNITAIRE
416,FLUTTER AURICULAIRE
570,AMÉNORRHÉE PRIMAIRE
546,VAGINOSE BACTÉRIENNE
581,ADENOVIRUS
578,TENDINOSE AU TENDON D'ACHILLE
502,DISSECTION AORTOCORONARIENNE SPONTANÉE
496,MASTOCYTOSE CUTANÉE AVEC HANDICAP
641,MÉNINGITE
919,AVC NEONATAL
914,LES TROUBLES PULMONAIRES
861,FIBRODYSPLASIE OSSIFIANTE PROGRESSIVE
869,PNEUMONIE BACTÉRIENNE
870,HYPERCALCÉMIE INFANTILE IDIOPATHIQUE
644,SYNDROME POST-COMMOTION
418,TACHYARHYTHMIE SUPRAVENTRICULAIRE
643,HYPOPHOSPHATEMIE LIÉE AU CHROMOSOME X
639,FUSION DES VERTÈBRES LOMBAIRES POSTÉRO-EXTERNE
106,VIRUS DE L'HÉPATITE C DE GÉNOTYPE 1A OU 1B
826,INTOLÉRANCE À L'ALIMENTATION ENTÉRALE
821,HEPATITE B
903,LES POCHES MALAIRES
687,DÉFICIT EN LIPOPROTÉINE LIPASE
742,POLYNEUROPATHIE AMYLOÏDIQUE FAMILIALE
204,DÉPRESSION POSTPARTUM
551,PREVENTION DE L'INSUFFISANCE RÉNALE AIGUE
786,DÉGÉNÉRESCENCE CORTICO-BASALE
1056,SARCOME ÉPITHÉLIOÏDE
256,DIABÈTE DE TYPE 1
774,DYSTROPHIE MUSCULAIRE
668,THROMBOSE
627,CANCER DU SEIN TRIPLE NÉGATIF MÉTASTATIQUE
1028,MALADIE À CORONAVIRUS (COVID-19)
969,PRURIGO NODULAIRE
1045,CHOLANGITE SCLÉROSANTE PRIMAIRE
88,MYASTHÉNIE GRAVE GÉNÉRALISÉE (MG)
224,POLYARTHRITE RHUMATOÏDE
1006,UVÉITE
353,MYÉLOFIBROSE
321,AMYOTROPHIE SPINALE
167,MYÉLOME MULTIPLE
828,DÉFICIT EN ALPHA 1-ANTITRYPSINE (AAT)
935,LEUCÉMIE AIGUË LYMPHOBLASTIQUE À CELLULES B
425,RHINITE ALLERGIQUE SAISONNIÈRE
521,CARCINOME DU NASOPHARYNX
727,CHIRURGIE DE LA CATARACTE
911,FRACTURES DES CÔTES
329,ANÉMIE
125,HYPOGONADIQUE
10,CANCERS AVANCÉS
884,TYMPANOTOMIE
626,LOMBALGIE CHRONIQUE
893,CRISES D'ORIGINE FOCALES
771,MAUVAISE PERCEPTION DE L'HYPOGLYCÉMIE
457,MALADIE RÉNALE / NÉPHROPATHIE EN PHASE TERMINALE
820,CARCINOME HEPATOCELLULAIRE
973,CANCERS PORTEURS DE L`EGFR
865,SYNDROME DE PRADER-WILLI
758,POLYMYALGIE RHUMATISMALE
756,LYMPHOMES DES TESTICULES
504,INFARCTUS AIGU DU MYOCARDE
829,GRAVEMENT MALADE
883,RÉSECTION INTESTINALE
261,INFECTION DES VOIES RESPIRATOIRES SUPÉRIEURES
518,TUMEURS SOLIDES AVEC MUTATION EGFR
122,HYPERCHOLESTÉROLÉMIE
368,ARRÊT CARDIAQUE
408,CHIRURGIE RÉTROPÉRITONÉALE
409,CHIRURGIE PELVIENNE
104,VIRUS DE L'HÉPATITE C DE GÉNOTYPE 1
594,ULCÉRATIONS
325,NÉOVASCULARISATION CHOROÏDIENNE
298,FRACTURES INCOMPLÈTES ANORMALES DU FÉMUR
284,NEUROINFLAMMATION
233,ANÉMIE FALCIFORME
296,DYSLIPIDÉMIE MIXTE
307,CHIRURGIE OCULAIRE
287,HÉMORRAGIE SOUS-ARACHNOÏDIENNE ANÉVRYSMALE
313,VARIANTE COMPORTEMENTALE DE LA DÉMENCE FRONTOTEMPORALE (VCDFT)
435,TRAVAIL PRÉMATURÉ
708,PATHOLOGIES OSSEUSES
461,PSORIASIS DU CUIR CHEVELU ET DU CORPS
459,NÉOPLASME MÉTASTATIQUE DES GLANDES SALIVAIRES
449,SYNDROME DE DOWN
463,DÉFICIT EN TRANSPORTEUR DU GLUCOSE DE TYPE 1
536,ANGIOPLASTIE TRANSLUMINALE PERCUTANÉE AU-DESSOUS DU LIGAMENT INGUINAL
533,MACROGLOBULINÉMIE DE WALDENSTRÖM
517,RÉVEIL APRÈS ANESTHÉSIE
582,INFECTION AU VIRUS DE L'EBOLA
575,MALADIE À DÉPÔT DE CHAÎNE LÉGÈRE
589,BRULURES
493,CHYLOMICRONÉMIE
487,RADICULOPATHIE
24,CARCINOME DES CELLULES BASALES
812,TUMEURS EPITHELIAUX
800,CANCER ASSOCIÉ AU VIRUS
762,SIALORRHÉE
840,D'INSUFFISANCE RÉNALE
769,RADIONÉCROSE
720,NÉOPLASME À CELLULES DENDRITIQUES PLASMACYTOÏDES BLASTIQUES
736,PERTE D¿AUDITION NEUROSENSORIELLE AIGUË ET SOUDAINE
714,TRANSPLANTATION D'ORGANES
60,OTITE AIGUË EXTERNE
707,ARTHROPLASTIE DE L'ÉPAULE
667,DÉFICIT D'INHIBITEUR DE L'ALPHA-1-PROTÉINASE
897,INOPÉRABLE CARCINOME HÉPATOCELLULAIRE
730,HYPONATRÉMIE EUVOLÉMIQUE OU HYPERVOLÉMIQUE
733,DYSKINÉSIE CILIAIRE PRIMAIRE
784,HÉMORRAGIE INTRAVITRÉENNE
846,NÉVRITE OPTIQUE
694,LYMPHOME T ANGIOIMMUNOBLASTIQUE
592,LEUCÉMIE À TRICHOLEUCOCYTES
391,OEDÈME DE QUINCKE INDUIT PAR LES INHIBITEURS DE LENZYNE DE CONVERSION DE L'ANGIOTENSINE
214,CANCER DE LA PROSTATE
380,RIDES GLABELLAIRES
14,MALADIE D'ALZHEIMER
308,LEUCÉMIE
640,INFECTION AU VIRUS EPSTEIN-BARR (VEB)
47,BRONCHOPNEUMOPATHIE OBSTRUCTIVE CHRONIQUE
663,MIGRAINES ÉPISODIQUES
698,CANCER DU POUMON AVANCÉ
217,POLYARTHRITE PSORIASIQUE
191,MALADIE DE PARKINSON
29,CANCER DU SEIN HER2 POSITIF
423,MALADIE PULMONAIRE INTERSTITIELLE
49,CANCER DU CÔLON
1007,CONJONCTIVITE LIGNEUSE
999,D'HYPOFONCTION DE LA GLANDE PAROTIDE
117,VIRUS DE L'IMMUNODÉFICIENCE HUMAINE (VIH)
124,HYPERTENSION
127,FIBROSE PULMONAIRE IDIOPATHIQUE
232,ANÉMIE À HÉMATIES FALCIFORMES
330,ARTÉRITE À CELLULES GÉANTES
326,HYPERTENSION THROMBOEMBOLIQUE CHRONIQUE PULMONAIRE
73,CANCER DE L'ENDOMÈTRE
1025,L'ABUS D'OPIACÉS
933,LYMPHOME B EN RECHUTE OU RÉFRACTAIRE
855,OBÉSITÉ
964,MYOPATHIE INFLAMMATOIRE IDIOMATIQUE
181,OSTÉOPOROSE
94,DÉFICIT EN HORMONE DE CROISSANCE
444,INFLAMMATION VASCULAIRE
965,OPHTHALMOPATHIE DE GRAVES
954,RÉTINITE PIGMENTAIRE (RP)
680,CANCER ÉPITHÉLIAL DE L'OVAIRE
568,DÉGÉNÉRESCENCE MACULAIRE
310,APNÉE DU SOMMEIL
815,MALIGNES A CELLULES B
335,DYSPLASIE BRONCHOPULMONAIRE
151,OEDÈME MACULAIRE
314,CANCER MÉTASTATIQUE
172,NEUROBLASTOME
1052,L'INSUFFISANCE MITRALE ISCHÉMIQUE
285,DÉFICIT COGNITIF
631,CONJUNCTIVITÉ ALLERGIQUE
1062,PROTOPORPHYRIE
1035,PNEUMONIE NON NOSOCOMIALE
864,ATHÉROSCLÉROSE
432,GASTROPARÉSIE DIABÉTIQUE
1042,MALADIE LIÉE À L¿IGG4
57,MALADIE DE CROHN
393,CANCER UROTHÉLIALE
345,HÉPATITE B CHRONIQUE
89,GLAUCOME
825,SYNDROME DE DRAVET
466,ARTHROPLASTIE DU GENOU
350,GLIOMES PONTIQUES INTRANSÈQUES DIFFUS
612,TUMEURS DESMOÎDES
474,TUMEURS MALIGNES
595,PYODERMA GANGRENOSUM
74,ENDOMÉTRIOSE
601,CHOLANGIQUE SCLÉROSANTE PRIMAIRE
402,GRANULOMATOSE ÉOSINOPHILIQUE
1002,CANCER DU SEIN ER+/HER2
340,SÉDATION
537,SAIGNEMENTS INCONTRÔLÉS
467,ANALGÉSIE
975,ALLERGIES
894,LA DOULEUR CANCÉREUSE
699,BLESSURE À LA MOELLE ÉPINIÈRE
441,MÉTASTASES DU FOIE
249,MYÉLOFIBROSE THROMBOCYTHÉMIQUE
879,D'ACV ISCHÉMIQUE AIGU
974,CPNPC NON-ÉPIDERMOIDE/ÉPIDERMOIDE
255,TRANSPLANTATION
1058,DISLEXIE
1047,BLESSURE THERMALE
927,LE REFLUX GASTRO-OESOPHAGIEN
269,CANDIDOSE VULVO-VAGINALE
743,MALADIE POLYKYSTIQUE RÉNALE AUTOSOMIQUE DOMINANTE (MPRAD).
907,CONTRACTURES ARTICULAIRES POST-TRAUMATIQUE
908,LA MUCOSITE BUCCALE
818,BRONCHOCONSTRICTION
716,CHIRURGIE THORACIQUE
366,CANCER DE L'ENDOMÈTRE MÉTASTATIQUE
863,BAISSE DU DÉSIR SEXUEL
488,LAPAROSCHISIS
678,ADÉNOCARCINOME CANALAIRE PANCRÉATIQUE
712,MÉTASTASES OSSEUSES
442,PNEUMONIE
906,LE LYMPHOME CUTANÉ À CELLULES T (CTCL)
949,AUGMENTATION DES RÉUSSITES DES FÉCONDATIONS IN VITRO (FIV)
198,MÉSOTHÉLIOME PLEURAL
968,REJET D'UNE GREFFE DE REIN
966,ACHROMATOPSIE CONGÉNITALE
721,CARCINOME À CELLULES DE MERKEL
221,INSUFFISANCE RÉNALE
700,NON SPÉCIFIÉ
745,SYNDROME D'ALPORT
831,D'INSUFFISANCE HÉPATIQUE
852,CONJONCTIVITE BACTÉRIENNE
606,HÉMATOME SOUS-DURAL CHRONIQUE
253,SURCHARGE EN FER TRANSFUSIONNELLE
618,GRANULOMATOSE
709,ILÉOSTOMIE
301,INFERTILITÉ
419,ANÉVRISME AORTIQUE
651,PROPHYLAXIE POUR PRÉVENTION DE THROMBOEMBOLIES
342,MÉLANOME AVEC MUTATION BRAF
451,ACOUPHÈNES / BOURDONNEMENT D'OREILLES
359,GASTROPARÉSIE
336,HÉMORRAGIE SOUS-ARACHNOIDIENNE ANÉVRYSMALE
377,UVÉITE POSTÉRIEURE
492,SYNDROME DE NAEVUS DES CELLULES BASALES
389,HÉMORRAGIE SOUS-ARACHNOÏDIENNE
925,SPASME INFANTILE
530,THROMBOSE VEINEUSE
795,ADÉNOME PARATHYROÏDIEN
859,L'ABLATION DU VAGIN
868,PRÉVENTION D'UNE INSUFFISANCE CARDIAQUE DROITE
155,SYNDROME DE MÉNIÈRE
650,ADÉNOCARCINOMES MÉTASTATIQUE  DU CONDUIT PANCRÉATIQUE
637,DYSFONCTIONNEMENT VENTRICULAIRE GAUCHE ISCHÉMIQUE
529,THROMBOEMBOLIE VEINEUSE AIGUE
755,SYNDROME HÉPATO-RÉNAL DE TYPE 1
746,HÉPATITE ALCOOLIQUE (HA)
83,HYPERCHOLESTÉROLÉMIE FAMILIALE
875,L'OCCLUSION DE L'INTESTIN GRÊLE
396,IMMUNOSUPPRESSION INDUITE PAR LES UV
383,DÉFAUTS DES TISSUS MOUS
414,ALBUMINURIE
787,SYNDROME DE LI-FRAUMENI
783,RÉTINOPATHIE DIABÉTIQUE
202,NÉVRALGIE POST-HERPÉTIQUE
347,MALADIE DE PICK
426,HYPERAMMONIÉMIE
90,GLIOBLASTOME
1040,CANCERS DES VOIES BILIAIRES AMPLIFIÉS HER2
1061,ARTHRALGIE
693,RÉSISTANCE AUX ANTIBIOTIQUES
31,CANCER DU SEIN MÉTASTATIQUE
28,CANCER DU SEIN
34,CARCINOME DE LA TÊTE ET DU COU
278,TUMEURS SOLIDES
1000,XÉROSTOMIE
904,LE NÉPHROPATHIE À IGA
246,SCLÉRODERMIE GÉNÉRALISÉE
280,VIRUS RESPIRATOIRE SYNCYTIAL
183,CANCER OVARIEN
873,HYPERGLYCÉMIE
681,NÉPHROPATHIE LUPIQUE
196,PSORIASIS EN PLAQUES
692,CANCER PÉRITONÉAL PRIMAIRE
991,NAUSEA
830,CHOLANGITE SCLÉROSANTE PRIMITIVE (CSP)
590,HÉMORRAGIE
206,SPASTICITÉ DU MEMBRE INFÉRIEUR APRÈS ACCIDENT VASCULAIRE CÉRÉBRAL
58,MALADIE DE CUSHING
306,SYNDROME MÉTABOLIQUE
889,LA SCOLIOSE
980,LES SYMPTÔMES VASOMOTEURS LIÉS À LA MÉNOPAUSE
587,CHOLANGIOME MALIN
40,OCCLUSION DE LA VEINE CENTRALE DE LA RÉTINE
1041,DERMATITE ATOPIQUE DES MAINS ET DES PIEDS.
1055,LE SYNDROME WHIM
1057,LE SPONDYLOLISTHÉSIS DÉGÉNÉRATIF
703,ANOREXIE
819,MALADIE DES AGGLUTINES FROIDES
600,LIPOSARCOME
630,CHOLÉRA
988,LA NÉPHROPATHIE DIABÉTIQUE
843,URTICAIRE CHRONIQUE SPONTANÉE
456,MALADIE RÉNALE CHRONIQUE
574,AMYLOIDOSE
625,CANCER DE LA VESSIE
514,MYÉLOFIBROSE POST-POLYCYTHÉMIE VRAIE
8,CARCINOME ADÉNOÏDE KYSTIQUE
880,L'ACCOUCHEMENT PAR CÉSARIENNE
753,CHOLANGIOCARCINOME INTHAHEPTIQUE
352,CARCINOME ÉPIDERMOÏDE DE L'OESOPHAGE
320,ADÉNOCARCINOME
662,BLESSURE DU CARTILAGE ARTICULAIRE
333,FIBROMES UTÉRINS
275,HEPATITE C
77,HYPERACTIVITÉ NEUROGÈNE DU DÉTRUSOR
729,STÉNOSE DES VEINES PULMONAIRES
92,GLIOME MALIN
184,CANCER OVARIEN - PÉRITONÉAL PRIMITIF
495,MASTOCYTOSE SYSTÉMIQUE INDOLENTE
45,SURCHARGE CHRONIQUE EN FER EXIGEANT UN TRAITEMENT PAR CHÉLATION
971,MYCOSIS FONGOIDE
563,CRITIQUE DES MEMBRES INFÉRIEURS
764,CANCERS HYPERMUTANTS
767,DIABÈTE SUCRÉ GESTATIONNEL
62,CYTOMÉGALOVIRUS
142,MALADIE DU FOIE
397,SPONDYLARTHRITE ANKYLOSANTE
584,SYNDROME DES ANTIPHOPHOLIPIDES
856,MALADIE DE CHARCOT-MARIE-TOOTH TYPE 1A
165,LEUCÉMIE MYÉLOÏDE
87,GAUCHER DISEASE TYPE 1
479,SYNDROME DE HUNTER
624,DÉGÉNÉRESCENCE LOBAIRE FRONTO-TEMPORALE
460,MEDULLOBLASTOME
660,ACCIDENT VASCULAIRE EMBOLIQUE
661,EMBOLIE SYSTÉMIQUE
1049,MYOPATHIE MYOTUBULAIRE
513,MYÉLOFIBROSE POST-THROMBOCYTHÉMIE ESSENTIELLE
93,GOUTTE
220,DYSFONCTIONNEMENT RÉNAL
316,TROUBLE OBSESSIONNEL COMPULSIF
305,DELERIUM
561,MÉLANOME NÉGATIF AU NRAS
318,DYSTROPHINOPATHIE AVEC MUTATION NONSENS
312,TROUBLES PSYCHOTIQUES
270,SYNDROME MYASTHÉNIQUE LAMBERT-EATON (SMLE)
160,MUCOPOLYSACCHARIDOSE IVA (SYNDROME DE MORQUIO)
200,THROMBOCYTÉMIE ESSENTIELLE
430,NEUROFIBROMATOSE DE TYPE I
143,DYSFONCTION HÉPATIQUE / DU FOIE
540,CARDIOMYOPATHIE HYPERTROPHIQUE SARCOMÉRIQUE PRÉCOCE
156,MÉNINGITE B
705,THROMBOPHILIE HÉRÉDITAIRE
484,TRANSPLANTATION HÉPATIQUE
477,SYNDROME POSTÉRIEUR À LA POLIO
119,VIRUS DU PAPILLOME HUMAIN (VPH)
909,SARCOÏDOSE CARDIAQUE
912,D'HYPERTENSION INTRACRÂNIENNE IDIOPATHIQUE
806,STÉATOSE HÉPATIQUE
811,MALADIES AUTOINFLAMMATOIRES MONOGENIQUES DICTEE PAR IL-18
809,HEPATITE AUTO-IMMUNE
309,SCLÉROSE TUBÉREUSE DE BOURNEVILLE
686,SARCOMES AU COURS DE L'ENFANCE
652,NÉVRITE OPTIQUE AIGUË
785,DÉFICIT EN ORNITHINE CARBAMYL TRANSFÉRASE
841,CARDIOMYOPATHIE DILATÉE
193,LYMPHOME T PÉRIPHÉRIQUE
439,TROUBLES GASTRO-INTESTINAUX
614,SAIGNEMENTS MAJEURS SÉVÈRES
23,OESOPHAGE DE BARRETT
358,ÉVÉNEMENTS ISCHÉMIQUES
1051,LACÉRATION DES NERFS DE LA MAIN
542,CARDIOMYOPATHIE AMYLOÏDE TRANSTHYRÉTINIENNE
838,D'ALOPÉCIE EN AIRES
103,VIRUS DE L'HÉPATITE B
851,CHIRURGIE GASTRO-INTESTINALE
571,TUMEURS SOLIDES AVANCÉES
392,ÉPILEPSIE
1038,ALLERGIE AU LAIT DE VACHE
258,COLITE ULCÉREUSE
27,MÉTASTASES CÉRÉBRALES
212,OSTÉOARTHRITE DU GENOU
186,DOULEUR
311,LUPUS ÉRYTHÉMATEUX DISSÉMINÉ
137,MALADIE DU REIN
1,ACNÉ
792,PRURIT
362,LEUCÉMIE LYMPOIDE CHRONIQUE
892,PETIT LYMPHOME LYMPHOCYTAIRE
356,CANCER DU COL DE L'UTÉRUS
525,CHIRURGIE DE L'ÉPAULE
689,PSORIASIS EN PLAQUES CHRONIQUE
281,THROMBOLYSE
957,TOXICITE IMMUNITAIRE
4,RHUMATISME PSORIASIQUE ÉVOLUTIF
153,MÉSOTHÉLIOME PLEURAL MALIN
922,HYPEROXALURIE
548,DOULEUR CHRONIQUE DU SCROTUM
648,PURPURA THROMBOPÉNIQUE THROMBOTIQUE
252,SYNDROME DE TOURETTE
697,SYNDROME DE L'INTESTIN COURT
538,ÉVÈNEMENTS CARDIOVASCULAIRES MAJEURS
794,STÉATOSE HÉPATIQUE NON ALCOOLIQUE (SHNA)
773,CANCER DU SYSTÈME NERVEUX CENTRAL
1021,SURVIVANTS DU CANCER
505,"CANCER DU POUMON NON À PETITES CELLULES, AVANCÉ LOCALEMENT OU MÉTASTATIQUE"
747,LEUCÉMIE MYÉLOMONOCYTAIRE CHRONIQUE (LMMC-2)
166,LEUCÉMIE MYÉLOMONOCYTAIRE
63,DIABÈTE SUCRÉ
188,TUMEURS NEUROENDOCRINES DU PANCRÉAS
710,SARCOME SYNOVIAL
136,ARTHRITE IDIOPATHIQUE JUVÉNILE
1050,SYNDROME D'ANGELMAN
268,MALADIE DE VON WILLEBRAND
229,CRISES
876,SYNDROME COMPLEXE DE LA DOULEUR LOCALE
866,FONCTION  PULMONAIRE
1043,CANCER GASTRO-OEOPHAGIEN
452,MALADIE CHOLESTATIQUE DU FOIE
1033,TUMEURS SOLIDES GANGLIONNAIRES
1032,FISTULE PÉRIANALE COMPLEXE
1065,SYNDROME PRIMAIRE DE  SJOGREN (SPSJ)
82,CHYLOMICRONÉMIE FAMILIALE
1063,HERNIE
942,MALADIES PNEUMOCOCCIQUES
66,DOULEUR NEUROPATHIQUE DIABÉTIQUE
572,TÉLANGIECTASIE HÉMORRAGIQUE HÉRÉDITAIRE
816,HYPOPARATHYROIDISME
349,HYPERTRIGLYCÉRIDÉMIE
1036,TUMEURS MALIGNES DE CELLULES T
665,CANCER MALIN AVANCÉ
114,DOULEUR À LA HANCHE
85,SYNDROME DE L'X FRAGILE
882,STAPHYLOCOCCUS AUREUS RÉSISTANT À LA MÉTHICILLINE (SARM)
497,BRONCHIECTASIE NON LIÉE À LA FIBROSE KYSTIQUE
86,TUMEUR STROMALE GASTRO-INTESTINALE (GIST)
683,RÉTINOPATHIE DIABÉTIQUE NON PROLIFÉRATIVE
289,HERPES ZOSTER
673,SPONDYLARTHRITE AXIALE
379,RIDES FRONTALES
962,EPANCHEMENT PLEURAUS MALINS
715,TROUBLES LIÉS À L'UTILISATION D'ALCOOL
682,PSORIASIS DES ORGANES GÉNITAUX
271,HYPERKALIÉMIE
943,SYMPTÔMES VASOMOTEURS POSTMONOPAUSIQUE
440,LYMPHOPATHIE MALIGNE
139,HISTIOCYTOSE À CELLULES DE LANGERHANS
483,HYPERTENSION PULMONAIRE
583,CHOCS SEPTIQUES
603,RHUME
512,CARCINOME NON SQUAMEUX DU POUMON
390,DÉGÉNÉRESCENCE MACULAIRE  LIÉE À L'ÂGE AVEC NÉOVASCULARISATION RÉTROFOVÉOLAIRE
658,APPENDICITE
977,CANCER AVANCÉ POSITIF MRRH/DRH
211,MYÉLOFIBROSE PRIMAIRE
65,NÉPHROPATHIE DIABÉTIQUE
464,FIBROSE DU MYOCARDE
500,HYPERTENSION PULMONAIRE CAPILLAIRE PRÉALABLE OU CONSÉCUTIVE (CPCPH)
272,ANGINE DE POITRINE
145,FAIBLE DENSITÉ MINÉRALE OSSEUSE
276,CONSTIPATION INDUITE PAR LES OPIOÏDES
290,PRODUCTION DE PARTICULES DE LIPOPRTÉINE
286,BOURSOUFLURES
282,L'ENCÉPHALOPATHIE HÉPATIQUE
406,PLIS D'ACCORDÉON
355,FIBROME UTÉRIN
141,SPASTICITÉ DES MEMBRES
629,INDICATION POUR UNE SCINTIGRAPHIE THYROÏDIENNE
510,HYPERTENSION PULMONAIRE SYMPTOMATIQUE ASSOCIÉE À DES PNEUMONIES IDIOPATHIQUES INTERSTITIELLES
567,LÉSIONS KYSTIQUES
526,THROMBOSES VEINEUSES SUPERFICIELLES ET SYMPTOMATIQUES DE LA JAMBE
562,PROCÉDURES NEUROCHIRURGICALES CRÂNIENNES
262,TROUBLES DU CYCLE DE L'URÉE
608,HYPOSPADIAS
602,INSUFFISANCE HÉPATIQUE
580,POLYANGÉITE MICROSCOPIQUE
469,FRACTURES OSSEUSES
898,NEUROPATHIE OPTIQUE
905,CANCER DE LA CAVITÉ ORALE
382,CHLORÏDÉRÉMIE
923,TROUBLES DE L'HUMEUR ET METABOLISME
807,SYNDROME UPSHAW-SCHULMAN
772,CIRRHOSE DU FOIE
751,THROMBOPHYLAXIE
740,ADENOCARCINOME RECTAL
372,CARDIOMYOPATHIE DILATÉE DE NATURE ISCHÉMIQUE
374,PROGRAMME DE TECHNOLOGIE DE REPRODUCTION ASSISTÉE
381,VIEILLISEMENT DU VISAGE
684,PLAQUE D'ATHÉROSCLÉROSE À LA CAROTIDE
845,DYSPHAGIE
788,TROUBLE NEUROCOGNITIF
613,THÉRAPIE DAFFIRMATION DU SEXE
596,KÉRATOPROTHÈSE
412,HYPOTENSION POSPRANDIALE
15,SCLÉROSE LATÉRALE AMYOTROPHIQUE
576,SYNDROME DU CÔLON IRRITABLE
324,NEUROMYÉLITE OPTIQUE
179,CANCER DU POUMON NON À PETITES CELLULES
550,OESOPHAGITE ÉOSINOPHILIQUE
64,OEDÈME MACULAIRE DIABÉTIQUE
655,NÉPHROPATHIE À IMMUNOGLOBULINE A
1031,MALADIES LYMPHOPROLIFÉRATIVES LIÉES AU VIRUS EPSTEIN-BARR
146,MALADIE PULMONAIRE
100,HÉMOPHILIE B
386,MYÉLOME MULTIPLE RÉCIDIVANT OU RÉFRACTAIRE AU TRAITEMENT
399,URTICAIRE SPONTANÉE CHRONIQUE
842,GLIOME
1029,L'HYPOPLASIE DU COEUR GAUCHE (AUTO CELLULE-II)
317,SYNDROME MYÉLODYSPLASTIQUE
37,MALADIES CARDIOVASCULAIRES
265,AFFECTION VASCULAIRE
519,CARCINOME HÉPATOCELLULAIRE À UN STADE AVANCÉ
70,DYSTROPHIE MUSCULAIRE DE DUCHENNE
775,DÉFICIT EN ARGINASE-1
343,CANCER DE LA PROSTATE RÉSISTANT À LA CASTRATION
944,TUMEURS MYÉLOÏDES
527,"CANCER DU SEIN HER2-NÉGATIF LOCALEMENT AVANCÉ OU MÉTASTATIQUE, AVEC RÉCEPTEURS HORMONAUX POSITIFS"
1024,TRANSPLANTATION PULMONAIRE
654,NÉOPLASMES MYÉLOPROLIFÉRATIFS
12,ALLERGIES AUX ARACHIDES
953,PEMPHIGUS
427,DERMATOMYOSITE
264,INFECTION DES VOIES URINAIRES
323,DÉPRESSION
346,DÉMENCE FRONTO-TEMPORALE
438,HYPOTENSION ORTHOSTATIQUE
237,SARCOME DES TISSUS MOUS
817,LESION INTRAEPITHELIALE EPIDERMOIDE DE HAUT GRADE (LIEHG) DU COL DE L'UTERUS
827,CHIRURGIE
101,THROMBOCYTOPÉNIE INDUITE PAR L'HÉPARINE
38,MALADIE COELIAQUE
579,POLYANGÉITE
304,IRM IMAGERIE PAR RÉSONANCE MAGNÉTIQUE
132,CYSTITE INTERSTITIELLE/SYNDROME DE DOULEUR DE LA VESSIE
725,STÉATOHÉPATITE NON-ALCOOLIQUE
645,SPONDYLARTHRITE AXIALE ACTIVE
135,GREFFES D'ÎLOTS
981,PATHOLOGIES DES PLASMOCYTES
26,TUMEURS EXPRIMANT LA MUTATION BRAF
939,ASTHME ÉOSINOPHILIQUE
424,LYMPHOME DU MANTEAU
947,DYSKINÉSIE
782,LÉSION DU CARTILAGE ARTICULAIRE
659,SYMPTOMES VASOMOTEURS
890,DOULEUR PÉRIOPÉRATOIRE
1037,TUMEURS MALIGNES DE CELLULES B
695,POCHITE
1009,ULCÈRES DIABÉTIQUES DU PIED
131,INFLUENZA
597,TREMBLEMENTS ESSENTIELS
916,UNE SURDITÉ DE PERCEPTION
759,POLYPOSE NASALE
486,CANCER DE L'OROPHARYNX
51,CARCINOME COLORECTAL
605,HYPOTENSION
108,VIRUS DE L'HÉPATITE C DE GÉNOTYPE 3
670,TRAITEMENT DU MASSÉTER
294,CARDIOCHIRURGIE
96,HÉMODIALYSE
726,GINGIVOSTOMATITE HERPÉTIQUE AIGUË
701,GREFFE DE REIN
494,MASTOCYTOSE SYSTÉMIQUE COUVERTE
174,DOULEUR NEUROPATHIQUE
950,L'ÉPIDERMOLYSE BULLEUSE DYSTROPHIQUE RÉCESSIVE
415,EN SURPOIDS / OBÉSITÉ
757,LYMPHOMES DU SYSTÈME NERVEUX CENTRAL
3,SPONDYLARTHRITE ANKYLOSANTE ACTIVE
744,DÉPRESSION POST-PARTUM BIPOLAIRE
848,LEUCÉMIE MYÉLOÏDE CHRONIQUE (LMC)
850,SYNDROMES MYASTHÉNIQUES CONGÉNITAUX (SMC)
491,SYMPTOMES DE L'HUMEUR POST-PARTUM
175,NYCTURIE
199,POLYCYTHÉMIE VRAIE
489,MÉLANOME UVÉAL
620,"CÉPHALÉE VASCULAIRE DE HORTON, FORME ÉPISODIQUE"
657,CARDIOMYOPATHIE AMYLOIDOTIQUE FAMILIALE
238,MOELLE ÉPINIÈRE - LÉSION
470,POTENTIEL D'ABUS
515,THROMBOCYTOPÉNIE
672,SYNOVITE VILLO-NODULAIRE OU TUMEUR À CELLULES GÉANTES DE LA GAINE TENDINEUSE
520,KÉRATOSE ACTINIQUE
267,CARENCE EN VITAMINE
1034,ADN TUMORAL CIRCULANT (CTDNA) POSITIF
331,CARCINOME OVARIEN
348,HYPERLIPIDEMIE
508,CARDIOMYOPATHIE HYPERTROPHIQUE
236,SEVRAGE TABAGIQUE
334,SARCOME
46,LEUCÉMIE MYÉLOÏDE CHRONIQUE
260,TROUBLES PULMONAIRES
555,TUMEUR HYPOPHYSAIRE
556,TUMEUR ECTOPIQUE SÉCRÉTANT DE L'ACTH
560,MÉLANOME NÉGATIF AU BRAF
56,CORONAROPATHIE OU RISQUE ÉLEVÉ DE CORONAROPATHIE
322,CONSTIPATION IDIOPATHIQUE
360,NÉPHROPATHIE
472,DÉPRESSION VASCULAIRE
490,SYNDROME CARCINOIDE
539,FIÈVRE PÉRIODIQUE HÉRÉDITAIRE
485,POST-PROSTATECTOMIE
130,DÉFIBRILLATEUR AUTOMATIQUE IMPLANTABLE
532,MÉTASTASES HÉPATIQUES SEULEMENT DUN CANCER COLORECTAL
535,THALASSÉMIE DÉPENDANTE À LA TRANSFUSION
604,DYSKINÉSIE TARDIVE
577,VIRUS DE L'HEPATITE C DE GÉNOTYPE 4
503,SYNDROME DU CANAL CARPIEN
938,PYSCHOSE
900,LA TACHYCARDIE VENTRICULAIRE POLYMORPHE CATÉCHOLAMINERGIQUE (TVPC)
867,BLESSURE PULMONAIRE LIÉE AU RADIATION
642,TROUBLE DE LA PERSONNALITÉ
225,ROSACÉE
766,HYPERINSULINÉMIE CONGÉNITALE
823,ENCÉPHALOPATHIE ÉPILEPTIQUE RÉFRACTAIRE
832,MALADIES DU COEUR
711,TOMOGRAPHIE PAR ÉMISSION DE POSITRONS (TEP)
149,LEUCÉMIE LYMPHOCYTAIRE
941,DYSPLASIE ANALE
940,MALADIE OSTÉOMEDULLAIRE
354,AUTISME
375,SCINTIGRAPHIE DES OS
685,DÉMENCE NEURODÉGÉNÉRATIVE
732,DÉFICIENCE EN COFACTEUR DU MOLYBDÈNE DE TYPE A
417,TACHYCARDIE SUPRAVENTRICULAIRE
482,OSTÉOARTHRITE
371,PSORIASIS
401,ADÉNOCARCINOME PANCRÉATIQUE
691,LYMPHOME
656,NARCOLEPSIE
724,CARCINOME ÉPIDERMOÏDE DE LA TÊTE ET DU COU
1039,SYNDROME DE CUSHING ENDOGÈNE
230,SEPTICÉMIE
400,CANCER COLORECTAL MÉTASTATIQUE
243,ACCIDENT VASCULAIRE CÉRÉBRAL
207,SYNDROME DE STRESS POST-TRAUMATIQUE
291,TUMEURS À RÉCEPTEURS POSITIFS À LA SOMATOSTATINE
421,INSUFFISANCE CARDIAQUE
337,CANCER GASTRIQUE
619,CANCER DE LA JONCTION OESOPHAGO-GASTRIQUE
952,PERSISTANCE DU CANAL ARTÉRIEL
997,SYNDROME DE SJOGREN
1005,MALADIES INFLAMMATOIRES CHRONIQUES
857,ANÉMIE HÉMOLYTIQUE AUTOIMMUNE
836,SYNDROME DE LENNOX-GASTAUT
465,ARTHROPLASTIE DE LA HANCHE
723,LYMPHOME À CELLULES B NON-HODGKINIEN
61,FIBROSE KYSTIQUE
79,MALADIE DE FABRY
120,MALADIE DE HUNTINGTON
288,DÉGÉNÉRESCENCE MACULAIRE NÉOVASCULAIRE RELIÉE À L'ÂGE
776,PUSTOLOSE PALMOPLANTAIRE
44,POLYNEUROPATHIE INFLAMMATOIRE DÉMYÉLINISANTE CHRONIQUE (PIDC)
958,CANCER DU SEIN AYANT UN HER-2 FAIBLE À UN STADE MÉTASTATIQUE ET NON-OPÉRABLE
564,RÉTINOPATHIE DES PRÉMATURÉS
858,FONTAN PALLIATION
437,TRAUMATISME CÉRÉBRAL
420,DÉPENDANCE
507,TUMEURS SOLIDE DE RECHUTE OU RÉFRACTAIRE
1044,TUMEURS À UN STADE AVANCÉ
369,ATRÉSIE DES VOIES BILIAIRES
918,L'ACIDOSE TUBULAIRE RÉNALE DISTALE
1014,ÉVÉNEMENTS VASCULAIRES INDÉSIRABLES
1048,SYNDROME DE RETT
98,HÉMOPHILIE
197,CANCER OVARIEN RÉSISTANT AU PLATINE
1008,VULVODYNIE
982,L'ICHTHYOSE LAMELLAIRE
111,HYPERCHOLESTÉROLÉMIE FAMILIALE HÉTÉROZYGOTE
134,ACCIDENT ISCHÉMIQUE ET ACCIDENT VASCULAIRE CÉRÉBRAL MINEUR
888,MULTIPLE OSTÉOCHONDROMES
6,LEUCÉMIE MYÉLOGÈNE AIGUË
728,MALFORMATIONS CAPILLAIRES FACIALES
499,SYNDROME CORONARIEN AIGU
534,THALASSÉMIE
675,HYPOALPHALIPOPROTÉINÉMIE PRINCIPALEMENT FAMILIALE
251,MALADIE DE GILLES DE LA TOURETTE
945,SYNDROME DES JAMBES SANS REPOS
9,TROUBLE D'HYPERACTIVITÉ AVEC DÉFICIT DE L'ATTENTION
948,PARALYSIE CÉRÉBRALE
664,SYNDROME DE SJÖGREN
194,CARCINOMATOSE PÉRITONÉALE
148,LEUCÉMIE LYMPHOBLASTIQUE
760,CARCINOME DES VOIES URINAIRES
847,RETENTION URINAIRE POSTOPÉRATOIRE
797,IMMUNODÉFICIENCES PRIMAIRES
585,PEMPHIGUS VULGAIRE
11,ALLERGIES ENVIRONNEMENTALES
13,ALLERGIES RESPIRATOIRES
387,DYSLIPIDÉMIE
302,NAUSÉES ET VOMISSEMENTS
428,TOXICOMANIE
129,IMMUNOSUPPRESSEURS
557,SYNDROME DE CHASSE
273,HYPERPARATHYROÏDIE SECONDAIRE
277,AMÉLIORATION DE LA SANTÉ
170,PERFUSION MYOCARDIQUE
436,TRAUMATISME CRANIO-CÉRÉBRAL
297,PSORIASIS PALMOPLANTAIRE
450,TROUBLES D'HYPERPHAGIE BOULIMIQUE
455,ÉPANCHEMENTS DE L'OREILLE MOYENNE
462,PANCREATITE
447,NODULES PULMONAIRES
405,INCONTINENCE URINAIRE
524,DYSFONCTIONNEMENT VÉSICAL NEUROGÈNE
511,HYPERHIDROSE AXILLAIRE
541,CARCINOME DES CELLULES MÉDULLAIRES RÉNALES
516,"CANCER DU SEIN HER2-NÉGATIF MÉTASTATIQUE OU AVEC GÈNE BRCA, INOPÉRABLE ET LOCALEMENT AVANCÉ"
203,POSTMÉNOPAUSIQUE
107,VIRUS DE L'HÉPATITE C DE GÉNOTYPE 2 OU 3
376,UVÉITE INTERMÉDIAIRE
545,CHOLANGIOME MALIN AVANCÉ ET NON RÉSÉCABLE
607,FRACTURE DE LA HANCHE
599,ARYTHMIE VENTRICULAIRE
133,INFECTION INTRA-ABDOMINALE
937,COAGULOPATHIE
920,MALADIE HEMOLYTIQUE
647,SPONDYLARTHRITE AXIALE RADIOGRAPHIQUE ACTIVE
638,ASTROCYTOME ANAPLASIQUE
901,LE CANCER DU PÉNIS
770,MALADIE VEINO-OCCLUSIVE
833,L'AMYGDALECTOMIE
814,MALADIE DE STILL CHEZ L'ADULTE
752,ONYCHOMYCOSE SOUS-UNGÉALE DISTALE (OSD)
713,GLIOSARCOME
749,CARCINOME DE LA LIGNE MÉDIANE ASSOCIÉ À NUT
754,OSTÉONÉCROSE
741,PIED D'ATHLETE (TINEA PEDIS)
653,FUSION INTERSOMATIQUE POSTÉRIEURE LOMBAIRE
72,EMPHYSÈME PULMONAIRE
899,LICHEN PLAN BUCCAL
780,TUMEURS SOLIDES POSITIVES AUX ACE MÉTASTATIQUES
384,CICATRISATION ABNORMALE
373,STIMULATION OVARIENNE
777,PROBLÈME TEMPOROMANDIBULAIRE
849,METASTASE INTRACRÂNIENNE
688,ENTÉROBACTÉRIES
611,FIBROMATOSE AGRESSIVE
357,SITOSTÉROLÉMIE
5002,SARS
5003,TESTICULAR CANCER